{"def":{"description":{"zh_CN":""},"type":12,"docUrl":"","author":"","codeName":"","codePath":"","params":{"inputData1":{"type":"string","propertyName":"dataName","defInPortUuid":"in1"},"outputData1":{"type":"string","propertyName":"dataName","defOutPortUuid":"out1"},"__cpu":{"type":"string","controlInstUuid":"system-cpu","value":"","isRequired":false},"__mem":{"type":"string","controlInstUuid":"system-mem","isRequired":false,"value":""},"__scale":{"type":"string","controlInstUuid":"system-scale","value":"","isRequired":false},"param1":{"type":"float","controlInstUuid":"c524b1f0436f11ecbd6917924eaf05bf","isRequired":true},"param2":{"type":"float","controlInstUuid":"d6d029c0436f11ecbd6917924eaf05bf","isRequired":true},"param3":{"type":"float","controlInstUuid":"e5bea470436f11ecbd6917924eaf05bf","isRequired":true},"param4":{"type":"string","controlInstUuid":"19f4215043a411ecbd6917924eaf05bf","isRequired":true}},"ports":[{"uuid":"in1","description":{"en_US":"input data","zh_CN":"in1"},"display":true,"type":"data","subType":"all","ioType":"in","angle":180,"x":0,"y":45},{"uuid":"out1","description":{"en_US":"output data","zh_CN":"out1"},"display":true,"type":"data","subType":"all","ioType":"out","angle":0,"x":90,"y":45}],"actionList":[{}],"downloadList":[{}],"watchList":[{}],"dockerRepo":"C:\\Users\\Administrator\\Desktop\\windows-component","dockerCmd":".\\venv\\Scripts\\python.exe .\\components\\DQNfishing.py"},"ui":{"tabs":{"params":{"tabName":{"en_US":"Parameters Setting","zh_CN":"参数设置","zh":"参数设置"},"controls":[{"uuid":"c524b1f0436f11ecbd6917924eaf05bf","type":"float","label":{"zh_CN":"n_states"},"placeholder":{"zh_CN":"3"},"tooltip":{"zh_CN":""},"relations":{"hide":{"operator":"=="}}},{"uuid":"d6d029c0436f11ecbd6917924eaf05bf","type":"float","label":{"zh_CN":"n_actions"},"placeholder":{"zh_CN":"2"},"tooltip":{"zh_CN":""},"relations":{"hide":{"operator":"=="}}},{"uuid":"e5bea470436f11ecbd6917924eaf05bf","type":"float","label":{"zh_CN":"step_tick"},"placeholder":{"zh_CN":"12"},"tooltip":{"zh_CN":""},"relations":{"hide":{"operator":"=="}}},{"uuid":"19f4215043a411ecbd6917924eaf05bf","type":"string","label":{"zh_CN":"model_dir"},"placeholder":{"zh_CN":"./components/weights/fish_genshin_net.pth"},"tooltip":{"zh_CN":""},"relations":{"hide":{"operator":"=="}}}]},"tune":{"tabName":{"en_US":"Tuning","zh_CN":"执行调优","zh":"执行调优"},"controls":[{"uuid":"system-scale","type":"string","label":{"zh_CN":"启动容器数"},"placeholder":{"zh_CN":"默认自动选择"}},{"uuid":"system-cpu","type":"string","label":{"zh_CN":"每个容器cpu核数"},"placeholder":{"zh_CN":"默认自动选择"}},{"uuid":"system-mem","type":"string","label":{"zh_CN":"每个容器内存数(GB)"},"placeholder":{"zh_CN":"默认自动选择"}}]}}},"locale":"zh_CN","receieveMsgType":"async","icon":"cube","color":"rgba(255,255,255,1)"}