{"def":{"description":{"zh_CN":""},"type":12,"docUrl":"","author":"","codeName":"","codePath":"","params":{"inputData1":{"type":"string","propertyName":"dataName","defInPortUuid":"in1"},"outputData1":{"type":"string","propertyName":"dataName","defOutPortUuid":"out1"},"__cpu":{"type":"string","controlInstUuid":"system-cpu","value":"","isRequired":false},"__mem":{"type":"string","controlInstUuid":"system-mem","isRequired":false,"value":""},"__scale":{"type":"string","controlInstUuid":"system-scale","value":"","isRequired":false},"param1":{"type":"string","controlInstUuid":"78ebebb0410211eca8bf57ab8b97e6d1","isRequired":true},"param2":{"type":"string","controlInstUuid":"8e6d4ab0410211eca8bf57ab8b97e6d1","isRequired":true},"param3":{"type":"string","controlInstUuid":"ca534e80410211eca8bf57ab8b97e6d1","isRequired":true},"param4":{"type":"float","controlInstUuid":"46ab5170410411eca8bf57ab8b97e6d1","isRequired":true},"param5":{"type":"float","controlInstUuid":"6665b960410411eca8bf57ab8b97e6d1","isRequired":true},"param6":{"type":"float","controlInstUuid":"72caca10410411eca8bf57ab8b97e6d1","isRequired":true},"param7":{"type":"string","controlInstUuid":"88c3ca10410411eca8bf57ab8b97e6d1","isRequired":true}},"ports":[{"uuid":"in1","description":{"en_US":"input data","zh_CN":"in1"},"display":true,"type":"data","subType":"all","ioType":"in","angle":180,"x":0,"y":45},{"uuid":"out1","description":{"en_US":"output data","zh_CN":"out1"},"display":true,"type":"data","subType":"all","ioType":"out","angle":0,"x":90,"y":45}],"actionList":[{}],"downloadList":[{}],"watchList":[{}],"dockerRepo":"C:\\Users\\Administrator\\Desktop\\windows-component","dockerCmd":".\\venv\\Scripts\\python.exe .\\components\\capfish.py"},"ui":{"tabs":{"params":{"tabName":{"en_US":"Parameters Setting","zh_CN":"参数设置","zh":"参数设置"},"controls":[{"uuid":"78ebebb0410211eca8bf57ab8b97e6d1","type":"string","label":{"zh_CN":"demo"},"placeholder":{"zh_CN":"image"},"tooltip":{"zh_CN":""},"relations":{"hide":{"operator":"=="}}},{"uuid":"8e6d4ab0410211eca8bf57ab8b97e6d1","type":"string","label":{"zh_CN":"exp_file"},"placeholder":{"zh_CN":"components/yolox/exp/yolox_tiny_fish.py"},"tooltip":{"zh_CN":""},"relations":{"hide":{"operator":"=="}}},{"uuid":"ca534e80410211eca8bf57ab8b97e6d1","type":"string","label":{"zh_CN":"ckpt"},"placeholder":{"zh_CN":"components/weights/best_tiny3.pth"},"tooltip":{"zh_CN":""},"relations":{"hide":{"operator":"=="}}},{"uuid":"46ab5170410411eca8bf57ab8b97e6d1","type":"float","label":{"zh_CN":"conf"},"placeholder":{"zh_CN":"0.25"},"tooltip":{"zh_CN":""},"relations":{"hide":{"operator":"=="}}},{"uuid":"6665b960410411eca8bf57ab8b97e6d1","type":"float","label":{"zh_CN":"nms"},"placeholder":{"zh_CN":"0.45"},"tooltip":{"zh_CN":""},"relations":{"hide":{"operator":"=="}}},{"uuid":"72caca10410411eca8bf57ab8b97e6d1","type":"float","label":{"zh_CN":"tsize"},"placeholder":{"zh_CN":"640"},"tooltip":{"zh_CN":""},"relations":{"hide":{"operator":"=="}}},{"uuid":"88c3ca10410411eca8bf57ab8b97e6d1","type":"string","label":{"zh_CN":"device"},"placeholder":{"zh_CN":"cpu或gpu"},"tooltip":{"zh_CN":""},"relations":{"hide":{"operator":"=="}}}]},"tune":{"tabName":{"en_US":"Tuning","zh_CN":"执行调优","zh":"执行调优"},"controls":[{"uuid":"system-scale","type":"string","label":{"zh_CN":"启动容器数"},"placeholder":{"zh_CN":"默认自动选择"}},{"uuid":"system-cpu","type":"string","label":{"zh_CN":"每个容器cpu核数"},"placeholder":{"zh_CN":"默认自动选择"}},{"uuid":"system-mem","type":"string","label":{"zh_CN":"每个容器内存数(GB)"},"placeholder":{"zh_CN":"默认自动选择"}}]}}},"locale":"zh_CN","receieveMsgType":"async","icon":"cube","color":"rgba(255,255,255,1)"}