{"def":{"description":{"zh_CN":""},"type":12,"docUrl":"","author":"","codeName":"","codePath":"","params":{"inputData1":{"type":"string","propertyName":"dataName","defInPortUuid":"in1"},"outputData1":{"type":"string","propertyName":"dataName","defOutPortUuid":"out1"},"outputData2":{"type":"string","propertyName":"dataName","defOutPortUuid":"out2"},"__cpu":{"type":"string","controlInstUuid":"system-cpu","value":"","isRequired":false},"__mem":{"type":"string","controlInstUuid":"system-mem","isRequired":false,"value":""},"__scale":{"type":"string","controlInstUuid":"system-scale","value":"","isRequired":false}},"ports":[{"uuid":"in1","description":{"en_US":"input data","zh_CN":"in1"},"display":true,"type":"data","subType":"all","ioType":"in","angle":180,"x":0,"y":45},{"uuid":"out1","description":{"en_US":"output data","zh_CN":"yes"},"display":true,"type":"data","subType":"all","ioType":"out","angle":0,"x":90,"y":30},{"uuid":"out2","description":{"en_US":"input data","zh_CN":"no"},"display":true,"ioType":"out","type":"data","subType":"all","angle":0,"x":90,"y":60}],"actionList":[{}],"downloadList":[{}],"watchList":[{}],"dockerRepo":"C:\\Users\\Administrator\\Desktop\\windows-component","dockerCmd":".\\venv\\Scripts\\python.exe .\\components\\if_list_empty.py"},"ui":{"tabs":{"params":{"tabName":{"en_US":"Parameters Setting","zh_CN":"参数设置","zh":"参数设置"},"controls":[]},"tune":{"tabName":{"en_US":"Tuning","zh_CN":"执行调优","zh":"执行调优"},"controls":[{"uuid":"system-scale","type":"string","label":{"zh_CN":"启动容器数"},"placeholder":{"zh_CN":"默认自动选择"},"relations":{"hide":{"operator":"=="}}},{"uuid":"system-cpu","type":"string","label":{"zh_CN":"每个容器cpu核数"},"placeholder":{"zh_CN":"默认自动选择"}},{"uuid":"system-mem","type":"string","label":{"zh_CN":"每个容器内存数(GB)"},"placeholder":{"zh_CN":"默认自动选择"}}]}}},"locale":"zh_CN","receieveMsgType":"async","icon":"cube","color":"rgba(255,255,255,1)"}